{"name":"Tefter","targetUrl":"https://tefter.io","counter":false,"bounce":false,"width":1280,"height":800,"showMenuBar":false,"fastQuit":false,"userAgent":"tefter-electron","nativefierVersion":"7.6.10","ignoreCertificate":false,"disableGpu":false,"ignoreGpuBlacklist":false,"enableEs3Apis":false,"insecure":false,"flashPluginDir":null,"diskCacheSize":null,"fullScreen":false,"maximize":false,"zoom":0.8,"internalUrls":"tefter.io","singleInstance":false,"appCopyright":"tefter.io","appVersion":"0.1.0","buildVersion":"0.1.0","win32metadata":{"ProductName":"Tefter","InternalName":"Tefter","FileDescription":"Tefter"},"tray":false,"basicAuthUsername":null,"basicAuthPassword":null,"alwaysOnTop":false,"titleBarStyle":null,"globalShortcuts":null}